{
  "name": "S5",
  "size": 7,
  "q": -56.9902,
  "qSize": 10.0,
  "id": "{\"fuel\":[18,19,22,22,20,20,21,20,22,22,21,21,22,22,22,22,22,22,22,22,22,22,22,22,22],\"burning\":[1,1,0,0,1,1,1,1,0,0,1,1,0,1,1,0,1,0,0,0,0,0,0,0,0]}",
  "state": {
    "burning": [
      1,
      1,
      0,
      0,
      1,
      1,
      1,
      1,
      0,
      0,
      1,
      1,
      0,
      1,
      1,
      0,
      1,
      0,
      0,
      0,
      0,
      0,
      0,
      0,
      0
    ],
    "fuel": [
      18,
      19,
      22,
      22,
      20,
      20,
      21,
      20,
      22,
      22,
      21,
      21,
      22,
      22,
      22,
      22,
      22,
      22,
      22,
      22,
      22,
      22,
      22,
      22,
      22
    ]
  },
  "children": [
    {
      "name": "A1",
      "size": 2,
      "q": -70.9049,
      "qSize": 8.670863546053525,
      "id": "[1,11,15]{\"fuel\":[18,19,22,22,20,20,21,20,22,22,21,21,22,22,22,22,22,22,22,22,22,22,22,22,22],\"burning\":[1,1,0,0,1,1,1,1,0,0,1,1,0,1,1,0,1,0,0,0,0,0,0,0,0]}",
      "location": [
        1,
        11,
        15
      ],
      "children": [
        {
          "name": "S0",
          "size": 1,
          "q": -70.9049,
          "qSize": 8.670863546053525,
          "id": "{\"fuel\":[17,18,22,22,19,19,20,19,22,22,20,20,22,21,21,22,21,22,22,22,22,22,22,22,22],\"burning\":[0,1,0,0,1,1,1,1,0,0,0,1,0,1,0,1,1,0,0,1,0,0,0,0,0]}",
          "state": {
            "burning": [
              0,
              1,
              0,
              0,
              1,
              1,
              1,
              1,
              0,
              0,
              0,
              1,
              0,
              1,
              0,
              1,
              1,
              0,
              0,
              1,
              0,
              0,
              0,
              0,
              0
            ],
            "fuel": [
              17,
              18,
              22,
              22,
              19,
              19,
              20,
              19,
              22,
              22,
              20,
              20,
              22,
              21,
              21,
              22,
              21,
              22,
              22,
              22,
              22,
              22,
              22,
              22,
              22
            ]
          }
        }
      ]
    },
    {
      "name": "A2",
      "size": 2,
      "q": -151.211,
      "qSize": 1.0,
      "id": "[2,2,11]{\"fuel\":[18,19,22,22,20,20,21,20,22,22,21,21,22,22,22,22,22,22,22,22,22,22,22,22,22],\"burning\":[1,1,0,0,1,1,1,1,0,0,1,1,0,1,1,0,1,0,0,0,0,0,0,0,0]}",
      "location": [
        2,
        2,
        11
      ],
      "children": [
        {
          "name": "S1",
          "size": 1,
          "q": -151.211,
          "qSize": 1.0,
          "id": "{\"fuel\":[17,18,22,22,19,19,20,19,22,22,20,20,22,21,21,22,21,22,22,22,22,22,22,22,22],\"burning\":[1,0,0,1,1,1,1,1,0,0,0,1,1,1,1,1,1,0,1,0,0,0,1,1,0]}",
          "state": {
            "burning": [
              1,
              0,
              0,
              1,
              1,
              1,
              1,
              1,
              0,
              0,
              0,
              1,
              1,
              1,
              1,
              1,
              1,
              0,
              1,
              0,
              0,
              0,
              1,
              1,
              0
            ],
            "fuel": [
              17,
              18,
              22,
              22,
              19,
              19,
              20,
              19,
              22,
              22,
              20,
              20,
              22,
              21,
              21,
              22,
              21,
              22,
              22,
              22,
              22,
              22,
              22,
              22,
              22
            ]
          }
        }
      ]
    },
    {
      "name": "A3",
      "size": 2,
      "q": -106.358,
      "qSize": 5.28437245279174,
      "id": "[5,7,7]{\"fuel\":[18,19,22,22,20,20,21,20,22,22,21,21,22,22,22,22,22,22,22,22,22,22,22,22,22],\"burning\":[1,1,0,0,1,1,1,1,0,0,1,1,0,1,1,0,1,0,0,0,0,0,0,0,0]}",
      "location": [
        5,
        7,
        7
      ],
      "children": [
        {
          "name": "S6",
          "size": 1,
          "q": -106.358,
          "qSize": 5.28437245279174,
          "id": "{\"fuel\":[17,18,22,22,19,19,20,19,22,22,20,20,22,21,21,22,21,22,22,22,22,22,22,22,22],\"burning\":[1,1,0,1,0,1,0,1,0,0,1,1,1,1,1,0,1,0,1,1,0,1,0,0,0]}",
          "state": {
            "burning": [
              1,
              1,
              0,
              1,
              0,
              1,
              0,
              1,
              0,
              0,
              1,
              1,
              1,
              1,
              1,
              0,
              1,
              0,
              1,
              1,
              0,
              1,
              0,
              0,
              0
            ],
            "fuel": [
              17,
              18,
              22,
              22,
              19,
              19,
              20,
              19,
              22,
              22,
              20,
              20,
              22,
              21,
              21,
              22,
              21,
              22,
              22,
              22,
              22,
              22,
              22,
              22,
              22
            ]
          }
        }
      ]
    },
    {
      "name": "A4",
      "size": 2,
      "q": -71.3606,
      "qSize": 8.627334940904769,
      "id": "[6,8,8]{\"fuel\":[18,19,22,22,20,20,21,20,22,22,21,21,22,22,22,22,22,22,22,22,22,22,22,22,22],\"burning\":[1,1,0,0,1,1,1,1,0,0,1,1,0,1,1,0,1,0,0,0,0,0,0,0,0]}",
      "location": [
        6,
        8,
        8
      ],
      "children": [
        {
          "name": "S2",
          "size": 1,
          "q": -71.3606,
          "qSize": 8.627334940904769,
          "id": "{\"fuel\":[17,18,22,22,19,19,20,19,22,22,20,20,22,21,21,22,21,22,22,22,22,22,22,22,22],\"burning\":[1,1,0,0,1,0,1,0,0,0,1,1,1,1,1,1,1,0,1,1,0,0,0,0,1]}",
          "state": {
            "burning": [
              1,
              1,
              0,
              0,
              1,
              0,
              1,
              0,
              0,
              0,
              1,
              1,
              1,
              1,
              1,
              1,
              1,
              0,
              1,
              1,
              0,
              0,
              0,
              0,
              1
            ],
            "fuel": [
              17,
              18,
              22,
              22,
              19,
              19,
              20,
              19,
              22,
              22,
              20,
              20,
              22,
              21,
              21,
              22,
              21,
              22,
              22,
              22,
              22,
              22,
              22,
              22,
              22
            ]
          }
        }
      ]
    },
    {
      "name": "A5",
      "size": 2,
      "q": -99.5211,
      "qSize": 5.937435258456731,
      "id": "[6,11,11]{\"fuel\":[18,19,22,22,20,20,21,20,22,22,21,21,22,22,22,22,22,22,22,22,22,22,22,22,22],\"burning\":[1,1,0,0,1,1,1,1,0,0,1,1,0,1,1,0,1,0,0,0,0,0,0,0,0]}",
      "location": [
        6,
        11,
        11
      ],
      "children": [
        {
          "name": "S3",
          "size": 1,
          "q": -99.5211,
          "qSize": 5.937435258456731,
          "id": "{\"fuel\":[17,18,22,22,19,19,20,19,22,22,20,20,22,21,21,22,21,22,22,22,22,22,22,22,22],\"burning\":[1,1,0,0,1,0,1,1,0,0,0,1,1,1,1,1,1,0,1,1,0,0,0,1,0]}",