{
  "name": "S7",
  "size": 9,
  "q": -71.3606,
  "qSize": 10.0,
  "id": "{\"fuel\":[18,19,22,22,20,20,21,20,22,22,21,21,22,22,22,22,22,22,22,22,22,22,22,22,22],\"burning\":[1,1,0,0,1,1,1,1,0,0,1,1,0,1,1,0,1,0,0,0,0,0,0,0,0]}",
  "state": {
    "burning": [
      1,
      1,
      0,
      0,
      1,
      1,
      1,
      1,
      0,
      0,
      1,
      1,
      0,
      1,
      1,
      0,
      1,
      0,
      0,
      0,
      0,
      0,
      0,
      0,
      0
    ],
    "fuel": [
      18,
      19,
      22,
      22,
      20,
      20,
      21,
      20,
      22,
      22,
      21,
      21,
      22,
      22,
      22,
      22,
      22,
      22,
      22,
      22,
      22,
      22,
      22,
      22,
      22
    ]
  },
  "children": [
    {
      "name": "A1",
      "size": 3,
      "q": -89.4395,
      "qSize": 7.962313275825796,
      "id": "[1,11,15]{\"fuel\":[18,19,22,22,20,20,21,20,22,22,21,21,22,22,22,22,22,22,22,22,22,22,22,22,22],\"burning\":[1,1,0,0,1,1,1,1,0,0,1,1,0,1,1,0,1,0,0,0,0,0,0,0,0]}",
      "location": [
        1,
        11,
        15
      ],
      "children": [
        {
          "name": "S0",
          "size": 1,
          "q": -89.4395,
          "qSize": 7.962313275825796,
          "id": "{\"fuel\":[17,18,22,22,19,19,20,19,22,22,20,20,22,21,21,22,21,22,22,22,22,22,22,22,22],\"burning\":[0,1,0,0,1,1,1,1,0,0,0,1,0,1,0,0,1,1,1,0,1,0,0,0,1]}",
          "state": {
            "burning": [
              0,
              1,
              0,
              0,
              1,
              1,
              1,
              1,
              0,
              0,
              0,
              1,
              0,
              1,
              0,
              0,
              1,
              1,
              1,
              0,
              1,
              0,
              0,
              0,
              1
            ],
            "fuel": [
              17,
              18,
              22,
              22,
              19,
              19,
              20,
              19,
              22,
              22,
              20,
              20,
              22,
              21,
              21,
              22,
              21,
              22,
              22,
              22,
              22,
              22,
              22,
              22,
              22
            ]
          }
        },
        {
          "name": "S1",
          "size": 1,
          "q": -89.4395,
          "qSize": 7.962313275825796,
          "id": "{\"fuel\":[17,18,22,22,19,19,20,19,22,22,20,20,22,21,21,22,21,22,22,22,22,22,22,22,22],\"burning\":[0,1,0,0,1,1,1,1,0,0,0,1,0,1,0,1,1,0,0,1,0,0,0,0,0]}",
          "state": {
            "burning": [
              0,
              1,
              0,
              0,
              1,
              1,
              1,
              1,
              0,
              0,
              0,
              1,
              0,
              1,
              0,
              1,
              1,
              0,
              0,
              1,
              0,
              0,
              0,
              0,
              0
            ],
            "fuel": [
              17,
              18,
              22,
              22,
              19,
              19,
              20,
              19,
              22,
              22,
              20,
              20,
              22,
              21,
              21,
              22,
              21,
              22,
              22,
              22,
              22,
              22,
              22,
              22,
              22
            ]
          }
        }
      ]
    },
    {
      "name": "A2",
      "size": 2,
      "q": -151.211,
      "qSize": 1.0,
      "id": "[2,2,11]{\"fuel\":[18,19,22,22,20,20,21,20,22,22,21,21,22,22,22,22,22,22,22,22,22,22,22,22,22],\"burning\":[1,1,0,0,1,1,1,1,0,0,1,1,0,1,1,0,1,0,0,0,0,0,0,0,0]}",
      "location": [
        2,
        2,
        11
      ],
      "children": [
        {
          "name": "S2",
          "size": 1,
          "q": -151.211,
          "qSize": 1.0,
          "id": "{\"fuel\":[17,18,22,22,19,19,20,19,22,22,20,20,22,21,21,22,21,22,22,22,22,22,22,22,22],\"burning\":[1,0,0,1,1,1,1,1,0,0,0,1,1,1,1,1,1,0,1,0,0,0,1,1,0]}",
          "state": {
            "burning": [
              1,
              0,
              0,
              1,
              1,
              1,
              1,
              1,
              0,
              0,
              0,
              1,
              1,
              1,
              1,
              1,
              1,
              0,
              1,
              0,
              0,
              0,
              1,
              1,
              0
            ],
            "fuel": [
              17,
              18,
              22,
              22,
              19,
              19,
              20,
              19,
              22,
              22,
              20,
              20,
              22,
              21,
              21,
              22,
              21,
              22,
              22,
              22,
              22,
              22,
              22,
              22,
              22
            ]
          }
        }
      ]
    },
    {
      "name": "A3",
      "size": 2,
      "q": -106.358,
      "qSize": 6.055416128159659,
      "id": "[5,7,7]{\"fuel\":[18,19,22,22,20,20,21,20,22,22,21,21,22,22,22,22,22,22,22,22,22,22,22,22,22],\"burning\":[1,1,0,0,1,1,1,1,0,0,1,1,0,1,1,0,1,0,0,0,0,0,0,0,0]}",
      "location": [
        5,
        7,
        7
      ],
      "children": [
        {
          "name": "S8",
          "size": 1,
          "q": -106.358,
          "qSize": 6.055416128159659,
          "id": "{\"fuel\":[17,18,22,22,19,19,20,19,22,22,20,20,22,21,21,22,21,22,22,22,22,22,22,22,22],\"burning\":[1,1,0,1,0,1,0,1,0,0,1,1,1,1,1,0,1,0,1,1,0,1,0,0,0]}",
          "state": {
            "burning": [
              1,
              1,
              0,
              1,
              0,
              1,
              0,
              1,
              0,
              0,
              1,
              1,
              1,
              1,
              1,
              0,
              1,
              0,
              1,
              1,
              0,
              1,
              0,
              0,
              0
            ],
            "fuel": [
              17,
              18,
              22,
              22,
              19,
              19,
              20,
              19,
              22,
              22,
              20,
              20,
              22,
              21,
              21,
              22,
              21,
              22,
              22,
              22,
              22,
              22,
              22,
              22,
              22
            ]
          }
        }
      ]
    },
    {
      "name": "A4",
      "size": 2,
      "q": -71.3606,
      "qSize": 10.0,
      "id": "[6,8,8]{\"fuel\":[18,19,22,22,20,20,21,20,22,22,21,21,22,22,22,22,22,22,22,22,22,22,22,22,22],\"burning\":[1,1,0,0,1,1,1,1,0,0,1,1,0,1,1,0,1,0,0,0,0,0,0,0,0]}",
      "location": [
        6,
        8,
        8
      ],
      "children": [
        {
          "name": "S3",
          "size": 1,
          "q": -71.3606,
          "qSize": 10.0,
          "id": "{\"fuel\":[17,18,22,22,19,19,20,19,22,22,20,20,22,21,21,22,21,22,22,22,22,22,22,22,22],\"burning\":[1,1,0,0,1,0,1,0,0,0,1,1,1,1,1,1,1,0,1,1,0,0,0,0,1]}",