{
  "command": "action debug",
  "debug": "tree",
  "policy": "mctsga",
  "state": {
    "burning": [ 1, 1, 0, 0, 1, 1, 1, 1, 0, 0, 1, 1, 0, 1, 1, 0, 1, 0, 0, 0, 0, 0, 0, 0, 0],
    "fuel": [ 18, 19, 22, 22, 20, 20, 21, 20, 22, 22, 21, 21, 22, 22, 22, 22, 22, 22, 22, 22, 22, 22, 22, 22, 22]
  },
  "dynamics": {
    "stateDimension": 25,
    "actionDimension": 6,
    "successPr": [ 1.0, 1.0, 1.0, 1.0, 1.0, 1.0, 1.0, 1.0, 1.0, 1.0, 1.0, 1.0, 1.0, 1.0, 1.0, 1.0, 1.0, 1.0, 1.0, 1.0, 1.0, 1.0, 1.0, 1.0, 1.0],
    "reward": [ -1, -1, -1, -1, -1, -1, -1, -1, -1, -1, -1, -1, -1, -1, -1, -1, -1, -1, -1, -1, -1, -1, -1, -1, -1],
    "spreadChild": [ 1, 1, 1, 1, 2, 2, 2, 2, 3, 4, 4, 5, 5, 5, 5, 6, 6, 6, 6, 7, 7, 7, 7, 8, 8, 8, 8, 9, 10, 10, 11, 11, 11, 11, 12, 12, 12, 12, 13, 13, 14, 14, 14, 14, 15, 15, 15, 15, 16, 17, 17, 17, 17, 18, 19, 19, 20, 21, 22, 23, 24, 25],
    "spreadParent": [ 2, 3, 4, 5, 1, 6, 7, 8, 1, 1, 7, 1, 8, 9, 10, 2, 11, 12, 13, 2, 12, 4, 15, 2, 5, 13, 14, 5, 5, 14, 6, 16, 17, 18, 6, 7, 17, 19, 6, 8, 8, 20, 10, 21, 7, 19, 22, 23, 11, 11, 12, 24, 25, 11, 12, 15, 14, 14, 15, 15, 17, 17],
    "spreadPr": [ 0.07896575823142427, 0.0, 0.0, 0.13944029065239538, 0.5741357280725772, 0.07896575823142427, 0.1392920235749422, 0.13944129304734787, 0.07896575823142427, 0.1394403687514001, 0.07896575823142427, 0.1392920235749422, 0.07896575823142427, 0.0, 0.0, 0.57470816960456, 0.07896575823142427, 0.1392920235749422, 0.0, 0.1394411352820042, 0.07896575823142427, 0.0, 0.1392920235749422, 0.1392920235749422, 0.5741322211911033, 0.0, 0.1394414508080295, 0.07896575823142427, 0.1392920235749422, 0.07896575823142427, 0.5747087484539057, 0.0, 0.1392920235749422, 0.0, 0.13945142348065176, 0.5747459406979751, 0.07896575823142427, 0.0, 0.1392920235749422, 0.5746705106929325, 0.1392920235749422, 0.0, 0.0, 0.0, 0.13944097751198925, 0.0, 0.0, 0.0, 0.574709327333149, 0.13946182428977316, 0.5747465213384741, 0.0, 0.0, 0.1392920235749422, 0.13945126393459373, 0.5747838226735885, 0.57463296529778, 0.13931467618658755, 0.07896575823142427, 0.13935025016871405, 0.5747471020091247, 0.1394616630421287],
    "dim": [ 5, 5],
    "parentDir": [ 3.141592653589793, 0.0, 1.5707963267948966, 4.71238898038469, 0.0, 3.141592653589793, 1.5707963267948966, 4.71238898038469, 3.141592653589793, 4.71238898038469, 3.141592653589793, 1.5707963267948966, 3.141592653589793, 0.0, 4.71238898038469, 0.0, 3.141592653589793, 1.5707963267948966, 4.71238898038469, 4.71238898038469, 3.141592653589793, 0.0, 1.5707963267948966, 1.5707963267948966, 0.0, 3.141592653589793, 4.71238898038469, 3.141592653589793, 1.5707963267948966, 3.141592653589793, 0.0, 3.141592653589793, 1.5707963267948966, 4.71238898038469, 4.71238898038469, 0.0, 3.141592653589793, 1.5707963267948966, 1.5707963267948966, 0.0, 1.5707963267948966, 3.141592653589793, 0.0, 4.71238898038469, 4.71238898038469, 3.141592653589793, 0.0, 1.5707963267948966, 0.0, 4.71238898038469, 0.0, 3.141592653589793, 1.5707963267948966, 1.5707963267948966, 4.71238898038469, 0.0, 0.0, 1.5707963267948966, 3.141592653589793, 4.71238898038469, 0.0, 4.71238898038469]
  },
  "parameters": {
    "timeLimit": 0,
    "nextAction": "random burn",
    "sizeActionPool": 100000,
    "c": 10,
    "iterations": 101,
    "nTournament": 10,
    "sizeStatePool": 100000,
    "temperatureAction": 1,
    "alphaState": 0.01,
    "depth": 20,
    "alphaAction": 0.01,
    "discount": 0.95,
    "gaSelect": "softmax",
    "pMutateAction": 0.33,
    "policy": "random burn",
    "kState": 5,
    "pCrossoverAction": 0.33,
    "kAction": 5
  },
  "generator": 10
}